metro_area,city_name,zip_code,population,Total_QSRs,customer_satisfaction,residents_per_qsr
PA,Philadelphia,08001,869,0,NA,Inf
PA,Philadelphia,08002,22946,22,25.818181818181817,1043
PA,Philadelphia,08003,29892,5,32.2,5978.4
PA,Philadelphia,08004,12495,2,-4.5,6247.5
PA,Philadelphia,08007,5144,1,15,5144
PA,Philadelphia,08009,12824,2,-3.75,6412
PA,Philadelphia,08010,11354,2,-2,5677
PA,Philadelphia,08011,23,0,NA,Inf
PA,Philadelphia,08012,40040,17,11.794117647058824,2355.294117647059
PA,Philadelphia,08014,659,0,NA,Inf
PA,Philadelphia,08015,19837,0,NA,Inf
PA,Philadelphia,08016,33531,16,1.78125,2095.6875
PA,Philadelphia,08018,NA,0,NA,Inf
PA,Philadelphia,08019,1007,0,NA,Inf
PA,Philadelphia,08020,2663,0,NA,Inf
PA,Philadelphia,08021,44394,13,5.115384615384615,3414.923076923077
PA,Philadelphia,08022,9210,1,0,9210
PA,Philadelphia,08023,371,0,NA,Inf
PA,Philadelphia,08025,NA,0,NA,Inf
PA,Philadelphia,08026,2177,1,0,2177
PA,Philadelphia,08027,4861,3,4,1620.3333333333333
PA,Philadelphia,08028,20656,14,5.142857142857143,1475.4285714285713
PA,Philadelphia,08029,4212,2,8.5,2106
PA,Philadelphia,08030,13339,2,5,6669.5
PA,Philadelphia,08031,11482,3,11.166666666666666,3827.3333333333335
PA,Philadelphia,08032,NA,0,NA,Inf
PA,Philadelphia,08033,16036,1,57,16036
PA,Philadelphia,08034,18508,10,2.8,1850.8
PA,Philadelphia,08035,7678,1,0,7678
PA,Philadelphia,08036,5971,1,42,5971
PA,Philadelphia,08038,67,0,NA,Inf
PA,Philadelphia,08039,115,0,NA,Inf
PA,Philadelphia,08041,1001,0,NA,Inf
PA,Philadelphia,08042,219,0,NA,Inf
PA,Philadelphia,08043,29392,16,20.8125,1837
PA,Philadelphia,08045,2846,4,6.625,711.5
PA,Philadelphia,08046,31549,9,2.111111111111111,3505.4444444444443
PA,Philadelphia,08048,12309,4,4,3077.25
PA,Philadelphia,08049,5678,4,9.375,1419.5
PA,Philadelphia,08051,10357,1,16,10357
PA,Philadelphia,08052,18940,8,2.1875,2367.5
PA,Philadelphia,08053,45489,20,28.7,2274.45
PA,Philadelphia,08054,41795,24,20.625,1741.4583333333333
PA,Philadelphia,08055,27454,9,8.222222222222221,3050.4444444444443
PA,Philadelphia,08056,4831,0,NA,Inf
PA,Philadelphia,08057,20893,11,40.22727272727273,1899.3636363636363
PA,Philadelphia,08059,5676,4,4,1419
PA,Philadelphia,08060,24349,14,0.8214285714285714,1739.2142857142858
PA,Philadelphia,08061,2957,0,NA,Inf
PA,Philadelphia,08062,16272,3,-0.3333333333333333,5424
PA,Philadelphia,08063,3068,0,NA,Inf
PA,Philadelphia,08064,156,0,NA,Inf
PA,Philadelphia,08065,7296,1,-5.5,7296
PA,Philadelphia,08066,8700,3,-2.1666666666666665,2900
PA,Philadelphia,08067,1610,1,7.5,1610
PA,Philadelphia,08068,7166,2,-2.25,3583
PA,Philadelphia,08069,12608,2,4.25,6304
PA,Philadelphia,08070,12458,6,5.333333333333333,2076.3333333333335
PA,Philadelphia,08071,9415,0,NA,Inf
PA,Philadelphia,08072,327,0,NA,Inf
PA,Philadelphia,08073,248,0,NA,Inf
PA,Philadelphia,08074,17,0,NA,Inf
PA,Philadelphia,08075,28894,8,8.0625,3611.75
PA,Philadelphia,08076,NA,0,NA,Inf
PA,Philadelphia,08077,19258,10,16.8,1925.8
PA,Philadelphia,08078,8360,0,NA,Inf
PA,Philadelphia,08079,10353,1,6,10353
PA,Philadelphia,08080,37112,8,7.1875,4639
PA,Philadelphia,08081,49421,18,14.027777777777779,2745.6111111111113
PA,Philadelphia,08083,9684,3,6,3228
PA,Philadelphia,08084,7003,2,12,3501.5
PA,Philadelphia,08085,20424,5,2.1,4084.8
PA,Philadelphia,08086,7947,2,-8,3973.5
PA,Philadelphia,08088,24153,0,NA,Inf
PA,Philadelphia,08089,4448,0,NA,Inf
PA,Philadelphia,08090,8200,0,NA,Inf
PA,Philadelphia,08091,5453,7,7,779
PA,Philadelphia,08093,9322,1,5.5,9322
PA,Philadelphia,08094,40233,8,0.8125,5029.125
PA,Philadelphia,08095,116,0,NA,Inf
PA,Philadelphia,08096,35641,25,11.88,1425.64
PA,Philadelphia,08097,3204,3,2.3333333333333335,1068
PA,Philadelphia,08098,9341,3,-2.3333333333333335,3113.6666666666665
PA,Philadelphia,08099,NA,0,NA,Inf
PA,Philadelphia,08101,NA,0,NA,Inf
PA,Philadelphia,08102,7623,0,NA,Inf
PA,Philadelphia,08103,14432,2,-8,7216
PA,Philadelphia,08104,23269,2,-3,11634.5
PA,Philadelphia,08105,28469,0,NA,Inf
PA,Philadelphia,08106,9710,3,24.333333333333332,3236.6666666666665
PA,Philadelphia,08107,13055,1,-14.5,13055
PA,Philadelphia,08108,18378,8,14.125,2297.25
PA,Philadelphia,08109,22916,6,6.333333333333333,3819.3333333333335
PA,Philadelphia,08110,18397,9,2.0555555555555554,2044.111111111111
PA,Philadelphia,08224,546,0,NA,Inf
PA,Philadelphia,08312,8095,1,9,8095
PA,Philadelphia,08318,12330,0,NA,Inf
PA,Philadelphia,08322,10938,0,NA,Inf
PA,Philadelphia,08328,1201,2,6.5,600.5
PA,Philadelphia,08343,5077,0,NA,Inf
PA,Philadelphia,08344,5074,0,NA,Inf
PA,Philadelphia,08347,NA,0,NA,Inf
PA,Philadelphia,08505,17911,6,13.166666666666666,2985.1666666666665
PA,Philadelphia,08511,810,0,NA,Inf
PA,Philadelphia,08515,6468,0,NA,Inf
PA,Philadelphia,08518,5509,1,2.5,5509
PA,Philadelphia,08554,3756,0,NA,Inf
PA,Philadelphia,08562,4424,0,NA,Inf
PA,Philadelphia,08640,8032,0,NA,Inf
PA,Philadelphia,08641,4851,0,NA,Inf
PA,Philadelphia,18039,NA,0,NA,Inf
PA,Philadelphia,18041,5240,0,NA,Inf
PA,Philadelphia,18054,4151,0,NA,Inf
PA,Philadelphia,18070,1034,0,NA,Inf
PA,Philadelphia,18073,10179,3,-6.666666666666667,3393
PA,Philadelphia,18074,6009,0,NA,Inf
PA,Philadelphia,18076,2919,0,NA,Inf
PA,Philadelphia,18077,2215,0,NA,Inf
PA,Philadelphia,18081,204,0,NA,Inf
PA,Philadelphia,18084,NA,0,NA,Inf
PA,Philadelphia,18901,27345,15,11.233333333333333,1823
PA,Philadelphia,18902,21234,2,16.5,10617
PA,Philadelphia,18910,NA,0,NA,Inf
PA,Philadelphia,18911,NA,0,NA,Inf
PA,Philadelphia,18912,380,0,NA,Inf
PA,Philadelphia,18913,74,0,NA,Inf
PA,Philadelphia,18914,21130,2,2,10565
PA,Philadelphia,18915,736,1,0,736
PA,Philadelphia,18916,NA,0,NA,Inf
PA,Philadelphia,18917,2081,1,8,2081
PA,Philadelphia,18918,NA,0,NA,Inf
PA,Philadelphia,18920,419,0,NA,Inf
PA,Philadelphia,18921,NA,0,NA,Inf
PA,Philadelphia,18922,NA,0,NA,Inf
PA,Philadelphia,18923,917,0,NA,Inf
PA,Philadelphia,18924,NA,0,NA,Inf
PA,Philadelphia,18925,6888,0,NA,Inf
PA,Philadelphia,18926,NA,0,NA,Inf
PA,Philadelphia,18927,NA,0,NA,Inf
PA,Philadelphia,18928,NA,0,NA,Inf
PA,Philadelphia,18929,9451,2,6,4725.5
PA,Philadelphia,18930,2859,0,NA,Inf
PA,Philadelphia,18931,NA,0,NA,Inf
PA,Philadelphia,18932,470,1,7.5,470
PA,Philadelphia,18933,NA,0,NA,Inf
PA,Philadelphia,18934,NA,0,NA,Inf
PA,Philadelphia,18935,15,0,NA,Inf
PA,Philadelphia,18936,NA,0,NA,Inf
PA,Philadelphia,18938,14146,3,14.333333333333334,4715.333333333333
PA,Philadelphia,18940,29134,9,23.666666666666668,3237.1111111111113
PA,Philadelphia,18942,2801,0,NA,Inf
PA,Philadelphia,18943,NA,0,NA,Inf
PA,Philadelphia,18944,25436,4,8.5,6359
PA,Philadelphia,18946,NA,0,NA,Inf
PA,Philadelphia,18947,6212,1,-21,6212
PA,Philadelphia,18949,NA,0,NA,Inf
PA,Philadelphia,18950,169,0,NA,Inf
PA,Philadelphia,18951,34671,2,0,17335.5
PA,Philadelphia,18953,NA,0,NA,Inf
PA,Philadelphia,18954,9453,4,11.5,2363.25
PA,Philadelphia,18955,1846,0,NA,Inf
PA,Philadelphia,18956,NA,0,NA,Inf
PA,Philadelphia,18957,NA,0,NA,Inf
PA,Philadelphia,18958,NA,0,NA,Inf
PA,Philadelphia,18960,12411,0,NA,Inf
PA,Philadelphia,18962,411,1,-10,411
PA,Philadelphia,18963,NA,0,NA,Inf
PA,Philadelphia,18964,13986,7,6.071428571428571,1998
PA,Philadelphia,18966,37570,6,3.6666666666666665,6261.666666666667
PA,Philadelphia,18968,NA,0,NA,Inf
PA,Philadelphia,18969,15650,0,NA,Inf
PA,Philadelphia,18970,804,0,NA,Inf
PA,Philadelphia,18971,NA,0,NA,Inf
PA,Philadelphia,18972,3500,0,NA,Inf
PA,Philadelphia,18974,40677,13,12.038461538461538,3129
PA,Philadelphia,18976,20606,12,22.041666666666668,1717.1666666666667
PA,Philadelphia,18977,3862,1,25,3862
PA,Philadelphia,18979,NA,0,NA,Inf
PA,Philadelphia,18980,490,0,NA,Inf
PA,Philadelphia,18981,NA,0,NA,Inf
PA,Philadelphia,18991,NA,0,NA,Inf
PA,Philadelphia,19001,17073,8,-2.625,2134.125
PA,Philadelphia,19002,33045,9,1.4444444444444444,3671.6666666666665
PA,Philadelphia,19003,13835,7,4.785714285714286,1976.4285714285713
PA,Philadelphia,19004,9475,7,53.214285714285715,1353.5714285714287
PA,Philadelphia,19006,22220,6,6.583333333333333,3703.3333333333335
PA,Philadelphia,19007,20851,8,-2.9375,2606.375
PA,Philadelphia,19008,20587,10,16.65,2058.7
PA,Philadelphia,19009,881,0,NA,Inf
PA,Philadelphia,19010,20737,8,12.625,2592.125
PA,Philadelphia,19012,6783,1,9.5,6783
PA,Philadelphia,19013,35621,0,NA,Inf
PA,Philadelphia,19014,21167,6,9.083333333333334,3527.8333333333335
PA,Philadelphia,19015,16440,10,2.7,1644
PA,Philadelphia,19016,NA,0,NA,Inf
PA,Philadelphia,19017,242,0,NA,Inf
PA,Philadelphia,19018,23574,9,15.777777777777779,2619.3333333333335
PA,Philadelphia,19019,NA,0,NA,Inf
PA,Philadelphia,19020,55650,22,18.022727272727273,2529.5454545454545
PA,Philadelphia,19021,9865,1,6,9865
PA,Philadelphia,19022,4120,2,3.75,2060
PA,Philadelphia,19023,22335,2,-3,11167.5
PA,Philadelphia,19025,5426,6,12.25,904.3333333333334
PA,Philadelphia,19026,31229,6,23.333333333333332,5204.833333333333
PA,Philadelphia,19027,20159,2,-6.75,10079.5
PA,Philadelphia,19028,NA,0,NA,Inf
PA,Philadelphia,19029,4010,0,NA,Inf
PA,Philadelphia,19030,11876,8,7.875,1484.5
PA,Philadelphia,19031,4725,4,1.625,1181.25
PA,Philadelphia,19032,6620,0,NA,Inf
PA,Philadelphia,19033,8537,5,15.8,1707.4
PA,Philadelphia,19034,5814,1,4,5814
PA,Philadelphia,19035,4019,0,NA,Inf
PA,Philadelphia,19036,13011,4,6.75,3252.75
PA,Philadelphia,19037,NA,0,NA,Inf
PA,Philadelphia,19038,31003,4,0.875,7750.75
PA,Philadelphia,19039,NA,0,NA,Inf
PA,Philadelphia,19040,20506,2,0,10253
PA,Philadelphia,19041,5958,1,12.5,5958
PA,Philadelphia,19043,2645,3,6.833333333333333,881.6666666666666
PA,Philadelphia,19044,16022,8,13.1875,2002.75
PA,Philadelphia,19046,17403,6,16,2900.5
PA,Philadelphia,19047,35698,19,19.210526315789473,1878.842105263158
PA,Philadelphia,19048,NA,0,NA,Inf
PA,Philadelphia,19049,NA,0,NA,Inf
PA,Philadelphia,19050,27938,3,-4.166666666666667,9312.666666666666
PA,Philadelphia,19052,NA,0,NA,Inf
PA,Philadelphia,19053,25718,22,23.09090909090909,1169
PA,Philadelphia,19054,16295,2,3,8147.5
PA,Philadelphia,19055,13934,5,-0.5,2786.8
PA,Philadelphia,19056,15579,9,6.944444444444445,1731
PA,Philadelphia,19057,17581,3,-2.1666666666666665,5860.333333333333
PA,Philadelphia,19058,NA,0,NA,Inf
PA,Philadelphia,19060,11218,0,NA,Inf
PA,Philadelphia,19061,19749,9,4.722222222222222,2194.3333333333335
PA,Philadelphia,19063,35513,11,9.590909090909092,3228.4545454545455
PA,Philadelphia,19064,24734,17,21.11764705882353,1454.9411764705883
PA,Philadelphia,19065,NA,0,NA,Inf
PA,Philadelphia,19066,5752,1,-18,5752
PA,Philadelphia,19067,51751,11,8,4704.636363636364
PA,Philadelphia,19070,6899,1,8,6899
PA,Philadelphia,19072,9501,0,NA,Inf
PA,Philadelphia,19073,19695,6,15.166666666666666,3282.5
PA,Philadelphia,19074,5896,2,10,2948
PA,Philadelphia,19075,7569,0,NA,Inf
PA,Philadelphia,19076,6545,1,3.5,6545
PA,Philadelphia,19078,11277,2,6.5,5638.5
PA,Philadelphia,19079,9164,1,0,9164
PA,Philadelphia,19080,NA,0,NA,Inf
PA,Philadelphia,19081,9984,1,12.5,9984
PA,Philadelphia,19082,40797,12,-0.6666666666666666,3399.75
PA,Philadelphia,19083,36836,10,10.5,3683.6
PA,Philadelphia,19085,8839,1,0,8839
PA,Philadelphia,19086,11715,0,NA,Inf
PA,Philadelphia,19087,32530,16,15.96875,2033.125
PA,Philadelphia,19088,NA,0,NA,Inf
PA,Philadelphia,19089,NA,0,NA,Inf
PA,Philadelphia,19090,19119,17,11.294117647058824,1124.6470588235295
PA,Philadelphia,19091,NA,0,NA,Inf
PA,Philadelphia,19092,NA,0,NA,Inf
PA,Philadelphia,19093,NA,0,NA,Inf
PA,Philadelphia,19094,3916,2,-2.5,1958
PA,Philadelphia,19095,7126,6,-2.9166666666666665,1187.6666666666667
PA,Philadelphia,19096,13344,3,25.666666666666668,4448
PA,Philadelphia,19098,NA,0,NA,Inf
PA,Philadelphia,19099,NA,0,NA,Inf
PA,Philadelphia,19101,NA,0,NA,Inf
PA,Philadelphia,19102,5042,19,35.973684210526315,265.36842105263156
PA,Philadelphia,19103,22940,21,38.04761904761905,1092.3809523809523
PA,Philadelphia,19104,55205,34,23.86764705882353,1623.6764705882354
PA,Philadelphia,19105,NA,0,NA,Inf
PA,Philadelphia,19106,12045,9,22.555555555555557,1338.3333333333333
PA,Philadelphia,19107,13832,29,27.551724137931036,476.9655172413793
PA,Philadelphia,19108,NA,0,NA,Inf
PA,Philadelphia,19109,NA,0,NA,Inf
PA,Philadelphia,19110,NA,0,NA,Inf
PA,Philadelphia,19111,70020,11,5.5,6365.454545454545
PA,Philadelphia,19112,NA,0,NA,Inf
PA,Philadelphia,19113,100,0,NA,Inf
PA,Philadelphia,19114,31478,17,15.176470588235293,1851.6470588235295
PA,Philadelphia,19115,33832,11,2.3181818181818183,3075.6363636363635
PA,Philadelphia,19116,34194,4,7.875,8548.5
PA,Philadelphia,19118,10800,2,4.5,5400
PA,Philadelphia,19119,29163,0,NA,Inf
PA,Philadelphia,19120,72376,5,-3.4,14475.2
PA,Philadelphia,19121,31546,9,3.9444444444444446,3505.1111111111113
PA,Philadelphia,19122,22690,8,-8.1875,2836.25
PA,Philadelphia,19123,15167,10,10.15,1516.7
PA,Philadelphia,19124,68905,12,2.1666666666666665,5742.083333333333
PA,Philadelphia,19125,24149,4,1.625,6037.25
PA,Philadelphia,19126,15982,2,-1.25,7991
PA,Philadelphia,19127,6038,2,18,3019
PA,Philadelphia,19128,37550,13,5.384615384615385,2888.4615384615386
PA,Philadelphia,19129,11058,4,7.625,2764.5
PA,Philadelphia,19130,26100,4,15.125,6525
PA,Philadelphia,19131,44915,14,8.214285714285714,3208.214285714286
PA,Philadelphia,19132,33368,6,-10.416666666666666,5561.333333333333
PA,Philadelphia,19133,27397,4,-4,6849.25
PA,Philadelphia,19134,62861,17,1.8235294117647058,3697.705882352941
PA,Philadelphia,19135,33602,5,2.9,6720.4
PA,Philadelphia,19136,32912,8,-0.125,4114
PA,Philadelphia,19137,7937,4,0.625,1984.25
PA,Philadelphia,19138,34614,4,2.125,8653.5
PA,Philadelphia,19139,44675,6,-2.8333333333333335,7445.833333333333
PA,Philadelphia,19140,49300,10,-4.2,4930
PA,Philadelphia,19141,33791,5,-1.2,6758.2
PA,Philadelphia,19142,28238,2,-3.25,14119
PA,Philadelphia,19143,65812,6,-3,10968.666666666666
PA,Philadelphia,19144,41209,8,-0.875,5151.125
PA,Philadelphia,19145,46311,12,-0.25,3859.25
PA,Philadelphia,19146,38486,10,7.4,3848.6
PA,Philadelphia,19147,39114,12,13,3259.5
PA,Philadelphia,19148,53440,25,15.88,2137.6
PA,Philadelphia,19149,59853,11,-0.6818181818181818,5441.181818181818
PA,Philadelphia,19150,24048,7,10.142857142857142,3435.4285714285716
PA,Philadelphia,19151,35102,10,-5.15,3510.2
PA,Philadelphia,19152,35626,7,0.5714285714285714,5089.428571428572
PA,Philadelphia,19153,13613,16,9.5,850.8125
PA,Philadelphia,19154,33512,13,2.423076923076923,2577.846153846154
PA,Philadelphia,19155,NA,0,NA,Inf
PA,Philadelphia,19160,NA,0,NA,Inf
PA,Philadelphia,19161,NA,0,NA,Inf
PA,Philadelphia,19162,NA,0,NA,Inf
PA,Philadelphia,19170,NA,0,NA,Inf
PA,Philadelphia,19171,NA,0,NA,Inf
PA,Philadelphia,19172,NA,0,NA,Inf
PA,Philadelphia,19173,NA,0,NA,Inf
PA,Philadelphia,19175,NA,0,NA,Inf
PA,Philadelphia,19177,NA,0,NA,Inf
PA,Philadelphia,19178,NA,0,NA,Inf
PA,Philadelphia,19179,NA,0,NA,Inf
PA,Philadelphia,19181,NA,0,NA,Inf
PA,Philadelphia,19182,NA,0,NA,Inf
PA,Philadelphia,19183,NA,0,NA,Inf
PA,Philadelphia,19184,NA,0,NA,Inf
PA,Philadelphia,19185,NA,0,NA,Inf
PA,Philadelphia,19187,NA,0,NA,Inf
PA,Philadelphia,19188,NA,0,NA,Inf
PA,Philadelphia,19190,NA,0,NA,Inf
PA,Philadelphia,19191,NA,0,NA,Inf
PA,Philadelphia,19192,NA,0,NA,Inf
PA,Philadelphia,19193,NA,0,NA,Inf
PA,Philadelphia,19194,NA,0,NA,Inf
PA,Philadelphia,19195,NA,0,NA,Inf
PA,Philadelphia,19196,NA,0,NA,Inf
PA,Philadelphia,19197,NA,0,NA,Inf
PA,Philadelphia,19244,NA,0,NA,Inf
PA,Philadelphia,19255,NA,0,NA,Inf
PA,Philadelphia,19301,6594,4,14.5,1648.5
PA,Philadelphia,19310,3219,0,NA,Inf
PA,Philadelphia,19311,9504,2,-0.25,4752
PA,Philadelphia,19312,11933,3,5.5,3977.6666666666665
PA,Philadelphia,19316,173,0,NA,Inf
PA,Philadelphia,19317,9904,2,0.25,4952
PA,Philadelphia,19318,NA,0,NA,Inf
PA,Philadelphia,19319,799,0,NA,Inf
PA,Philadelphia,19320,54180,5,-1.7,10836
PA,Philadelphia,19330,5426,0,NA,Inf
PA,Philadelphia,19331,NA,0,NA,Inf
PA,Philadelphia,19333,6476,3,11.5,2158.6666666666665
PA,Philadelphia,19335,48652,5,17.9,9730.4
PA,Philadelphia,19339,NA,0,NA,Inf
PA,Philadelphia,19340,NA,0,NA,Inf
PA,Philadelphia,19341,17089,21,7.428571428571429,813.7619047619048
PA,Philadelphia,19342,19151,9,16.72222222222222,2127.8888888888887
PA,Philadelphia,19343,8026,0,NA,Inf
PA,Philadelphia,19344,11932,0,NA,Inf
PA,Philadelphia,19345,719,0,NA,Inf
PA,Philadelphia,19346,NA,0,NA,Inf
PA,Philadelphia,19347,NA,0,NA,Inf
PA,Philadelphia,19348,22991,7,8,3284.4285714285716
PA,Philadelphia,19350,11757,0,NA,Inf
PA,Philadelphia,19351,NA,0,NA,Inf
PA,Philadelphia,19352,10870,0,NA,Inf
PA,Philadelphia,19353,NA,0,NA,Inf
PA,Philadelphia,19354,NA,0,NA,Inf
PA,Philadelphia,19355,25324,9,5.444444444444445,2813.777777777778
PA,Philadelphia,19357,NA,0,NA,Inf
PA,Philadelphia,19358,686,0,NA,Inf
PA,Philadelphia,19360,NA,0,NA,Inf
PA,Philadelphia,19362,5778,0,NA,Inf
PA,Philadelphia,19363,16957,0,NA,Inf
PA,Philadelphia,19365,7194,0,NA,Inf
PA,Philadelphia,19366,NA,0,NA,Inf
PA,Philadelphia,19367,15,0,NA,Inf
PA,Philadelphia,19369,NA,0,NA,Inf
PA,Philadelphia,19371,NA,0,NA,Inf
PA,Philadelphia,19372,1841,4,-1.875,460.25
PA,Philadelphia,19373,5126,0,NA,Inf
PA,Philadelphia,19374,882,0,NA,Inf
PA,Philadelphia,19375,73,0,NA,Inf
PA,Philadelphia,19376,NA,0,NA,Inf
PA,Philadelphia,19380,51146,13,11.576923076923077,3934.3076923076924
PA,Philadelphia,19381,NA,0,NA,Inf
PA,Philadelphia,19382,54293,15,22.466666666666665,3619.5333333333333
PA,Philadelphia,19383,3167,1,5.5,3167
PA,Philadelphia,19388,NA,0,NA,Inf
PA,Philadelphia,19390,14062,0,NA,Inf
PA,Philadelphia,19395,NA,0,NA,Inf
PA,Philadelphia,19397,NA,0,NA,Inf
PA,Philadelphia,19398,NA,0,NA,Inf
PA,Philadelphia,19399,NA,0,NA,Inf
PA,Philadelphia,19401,42104,18,13.63888888888889,2339.1111111111113
PA,Philadelphia,19403,46199,20,19.625,2309.95
PA,Philadelphia,19404,NA,0,NA,Inf
PA,Philadelphia,19405,5279,0,NA,Inf
PA,Philadelphia,19406,23979,23,23.108695652173914,1042.5652173913043
PA,Philadelphia,19407,NA,0,NA,Inf
PA,Philadelphia,19408,NA,0,NA,Inf
PA,Philadelphia,19409,NA,0,NA,Inf
PA,Philadelphia,19415,NA,0,NA,Inf
PA,Philadelphia,19420,NA,0,NA,Inf
PA,Philadelphia,19421,NA,0,NA,Inf
PA,Philadelphia,19422,18803,5,11.4,3760.6
PA,Philadelphia,19423,NA,0,NA,Inf
PA,Philadelphia,19424,NA,0,NA,Inf
PA,Philadelphia,19425,15152,1,3,15152
PA,Philadelphia,19426,40691,10,8.9,4069.1
PA,Philadelphia,19428,16747,14,18.107142857142858,1196.2142857142858
PA,Philadelphia,19429,NA,0,NA,Inf
PA,Philadelphia,19430,NA,0,NA,Inf
PA,Philadelphia,19432,NA,0,NA,Inf
PA,Philadelphia,19435,156,0,NA,Inf
PA,Philadelphia,19436,586,0,NA,Inf
PA,Philadelphia,19437,1030,0,NA,Inf
PA,Philadelphia,19438,24758,5,0.8,4951.6
PA,Philadelphia,19440,18935,3,3.3333333333333335,6311.666666666667
PA,Philadelphia,19441,NA,0,NA,Inf
PA,Philadelphia,19442,NA,0,NA,Inf
PA,Philadelphia,19443,NA,0,NA,Inf
PA,Philadelphia,19444,10643,1,3.5,10643
PA,Philadelphia,19446,56300,16,13.46875,3518.75
PA,Philadelphia,19450,NA,0,NA,Inf
PA,Philadelphia,19451,NA,0,NA,Inf
PA,Philadelphia,19453,1174,0,NA,Inf
PA,Philadelphia,19454,28728,16,13.875,1795.5
PA,Philadelphia,19455,NA,0,NA,Inf
PA,Philadelphia,19456,811,0,NA,Inf
PA,Philadelphia,19457,45,0,NA,Inf
PA,Philadelphia,19460,41815,14,6,2986.785714285714
PA,Philadelphia,19462,15391,7,27.428571428571427,2198.714285714286
PA,Philadelphia,19464,46903,19,3.1578947368421053,2468.5789473684213
PA,Philadelphia,19465,17429,2,9.5,8714.5
PA,Philadelphia,19468,26018,15,8.5,1734.5333333333333
PA,Philadelphia,19470,NA,0,NA,Inf
PA,Philadelphia,19472,50,0,NA,Inf
PA,Philadelphia,19473,16166,0,NA,Inf
PA,Philadelphia,19474,545,0,NA,Inf
PA,Philadelphia,19475,11355,1,-3.5,11355
PA,Philadelphia,19477,126,3,11.166666666666666,42
PA,Philadelphia,19478,NA,0,NA,Inf
PA,Philadelphia,19480,NA,0,NA,Inf
PA,Philadelphia,19481,NA,0,NA,Inf
PA,Philadelphia,19482,NA,0,NA,Inf
PA,Philadelphia,19484,NA,0,NA,Inf
PA,Philadelphia,19485,NA,0,NA,Inf
PA,Philadelphia,19486,NA,0,NA,Inf
PA,Philadelphia,19490,NA,0,NA,Inf
PA,Philadelphia,19492,364,1,-5,364
PA,Philadelphia,19493,NA,0,NA,Inf
PA,Philadelphia,19494,NA,0,NA,Inf
PA,Philadelphia,19495,NA,0,NA,Inf
PA,Philadelphia,19496,NA,0,NA,Inf
PA,Philadelphia,19520,5685,1,6.5,5685
PA,Philadelphia,19525,16225,5,4.9,3245
NV,Reno,89402,15,0,NA,Inf
NV,Reno,89405,27,0,NA,Inf
NV,Reno,89412,239,0,NA,Inf
NV,Reno,89424,289,0,NA,Inf
NV,Reno,89431,37881,27,39.833333333333336,1403
NV,Reno,89432,NA,0,NA,Inf
NV,Reno,89433,21659,4,-14.25,5414.75
NV,Reno,89434,26107,19,33.5,1374.0526315789473
NV,Reno,89435,NA,0,NA,Inf
NV,Reno,89436,40745,17,31.970588235294116,2396.764705882353
NV,Reno,89439,1465,1,0,1465
NV,Reno,89442,1051,0,NA,Inf
NV,Reno,89450,91,0,NA,Inf
NV,Reno,89451,8795,0,NA,Inf
NV,Reno,89452,NA,0,NA,Inf
NV,Reno,89501,3852,8,38.4375,481.5
NV,Reno,89502,45953,35,30.757142857142856,1312.942857142857
NV,Reno,89503,28620,27,28.055555555555557,1060
NV,Reno,89504,NA,0,NA,Inf
NV,Reno,89505,NA,0,NA,Inf
NV,Reno,89506,41279,18,9.194444444444445,2293.277777777778
NV,Reno,89507,NA,0,NA,Inf
NV,Reno,89508,12418,0,NA,Inf
NV,Reno,89509,34717,12,109.91666666666667,2893.0833333333335
NV,Reno,89510,1545,0,NA,Inf
NV,Reno,89511,25498,21,57.785714285714285,1214.1904761904761
NV,Reno,89512,25815,15,11.566666666666666,1721
NV,Reno,89513,NA,0,NA,Inf
NV,Reno,89515,NA,0,NA,Inf
NV,Reno,89519,8250,1,21,8250
NV,Reno,89520,NA,0,NA,Inf
NV,Reno,89521,29675,24,27.979166666666668,1236.4583333333333
NV,Reno,89523,35266,17,31.11764705882353,2074.470588235294
NV,Reno,89533,NA,0,NA,Inf
NV,Reno,89555,NA,0,NA,Inf
NV,Reno,89557,NA,0,NA,Inf
NV,Reno,89570,NA,0,NA,Inf
NV,Reno,89595,NA,0,NA,Inf
NV,Reno,89599,NA,0,NA,Inf
NV,Reno,89704,3822,0,NA,Inf
AZ,Tucson,85321,4776,0,NA,Inf
AZ,Tucson,85341,NA,0,NA,Inf
AZ,Tucson,85601,627,0,NA,Inf
AZ,Tucson,85614,23229,18,23.25,1290.5
AZ,Tucson,85619,189,0,NA,Inf
AZ,Tucson,85622,6330,0,NA,Inf
AZ,Tucson,85629,25500,6,-1,4250
AZ,Tucson,85633,51,0,NA,Inf
AZ,Tucson,85634,6409,0,NA,Inf
AZ,Tucson,85639,NA,0,NA,Inf
AZ,Tucson,85641,25657,5,20.8,5131.4
AZ,Tucson,85652,NA,0,NA,Inf
AZ,Tucson,85653,16405,0,NA,Inf
AZ,Tucson,85654,51,0,NA,Inf
AZ,Tucson,85658,10683,3,12,3561
AZ,Tucson,85701,5286,2,22.5,2643
AZ,Tucson,85702,NA,0,NA,Inf
AZ,Tucson,85703,NA,0,NA,Inf
AZ,Tucson,85704,31795,24,15.958333333333334,1324.7916666666667
AZ,Tucson,85705,55463,36,34.888888888888886,1540.638888888889
AZ,Tucson,85706,55691,17,9.205882352941176,3275.9411764705883
AZ,Tucson,85707,635,2,13,317.5
AZ,Tucson,85708,4187,0,NA,Inf
AZ,Tucson,85709,NA,0,NA,Inf
AZ,Tucson,85710,56168,38,39.328947368421055,1478.1052631578948
AZ,Tucson,85711,39451,30,32.55,1315.0333333333333
AZ,Tucson,85712,33239,23,27.47826086956522,1445.1739130434783
AZ,Tucson,85713,46071,24,23.3125,1919.625
AZ,Tucson,85714,14683,15,11.933333333333334,978.8666666666667
AZ,Tucson,85715,17066,18,20.77777777777778,948.1111111111111
AZ,Tucson,85716,31134,17,48,1831.4117647058824
AZ,Tucson,85717,NA,0,NA,Inf
AZ,Tucson,85718,26262,7,45.07142857142857,3751.714285714286
AZ,Tucson,85719,47503,43,25.069767441860463,1104.7209302325582
AZ,Tucson,85720,NA,0,NA,Inf
AZ,Tucson,85721,NA,0,NA,Inf
AZ,Tucson,85722,NA,0,NA,Inf
AZ,Tucson,85723,NA,0,NA,Inf
AZ,Tucson,85724,NA,0,NA,Inf
AZ,Tucson,85725,NA,0,NA,Inf
AZ,Tucson,85726,NA,0,NA,Inf
AZ,Tucson,85728,NA,0,NA,Inf
AZ,Tucson,85730,39055,17,4.382352941176471,2297.3529411764707
AZ,Tucson,85731,NA,0,NA,Inf
AZ,Tucson,85732,NA,0,NA,Inf
AZ,Tucson,85733,NA,0,NA,Inf
AZ,Tucson,85734,NA,0,NA,Inf
AZ,Tucson,85735,11108,0,NA,Inf
AZ,Tucson,85736,4998,0,NA,Inf
AZ,Tucson,85737,21293,18,21.944444444444443,1182.9444444444443
AZ,Tucson,85738,NA,0,NA,Inf
AZ,Tucson,85739,18474,5,-3.8,3694.8
AZ,Tucson,85740,NA,0,NA,Inf
AZ,Tucson,85741,35149,35,32.05714285714286,1004.2571428571429
AZ,Tucson,85742,26868,7,3.857142857142857,3838.285714285714
AZ,Tucson,85743,29552,20,21.6,1477.6
AZ,Tucson,85744,NA,0,NA,Inf
AZ,Tucson,85745,38005,22,8.409090909090908,1727.5
AZ,Tucson,85746,43873,20,3.7,2193.65
AZ,Tucson,85747,25077,19,16.94736842105263,1319.842105263158
AZ,Tucson,85748,17727,10,17.7,1772.7
AZ,Tucson,85749,19121,4,11.875,4780.25
AZ,Tucson,85750,24207,4,10.625,6051.75
AZ,Tucson,85751,NA,0,NA,Inf
AZ,Tucson,85752,NA,0,NA,Inf
AZ,Tucson,85754,NA,0,NA,Inf
AZ,Tucson,85755,16143,1,152,16143
AZ,Tucson,85756,40965,3,1.6666666666666667,13655
AZ,Tucson,85757,19264,2,-3.75,9632
AZ,Tucson,85775,NA,0,NA,Inf
TN,Nashville,37010,4834,0,NA,Inf
TN,Nashville,37011,NA,0,NA,Inf
TN,Nashville,37013,95717,24,-1.8958333333333333,3988.2083333333335
TN,Nashville,37014,2887,0,NA,Inf
TN,Nashville,37015,17451,6,1.1666666666666667,2908.5
TN,Nashville,37022,6546,0,NA,Inf
TN,Nashville,37024,NA,0,NA,Inf
TN,Nashville,37027,54001,36,21.51388888888889,1500.0277777777778
TN,Nashville,37029,6188,0,NA,Inf
TN,Nashville,37031,3740,0,NA,Inf
TN,Nashville,37032,4529,0,NA,Inf
TN,Nashville,37035,3607,0,NA,Inf
TN,Nashville,37036,5594,0,NA,Inf
TN,Nashville,37037,7759,0,NA,Inf
TN,Nashville,37046,4728,0,NA,Inf
TN,Nashville,37048,6584,0,NA,Inf
TN,Nashville,37049,3268,0,NA,Inf
TN,Nashville,37051,3131,0,NA,Inf
TN,Nashville,37055,27549,0,NA,Inf
TN,Nashville,37056,NA,0,NA,Inf
TN,Nashville,37060,2263,0,NA,Inf
TN,Nashville,37062,11364,0,NA,Inf
TN,Nashville,37063,NA,0,NA,Inf
TN,Nashville,37064,55664,37,14.837837837837839,1504.4324324324325
TN,Nashville,37065,NA,0,NA,Inf
TN,Nashville,37066,48248,21,7.738095238095238,2297.5238095238096
TN,Nashville,37067,28773,34,43.98529411764706,846.2647058823529
TN,Nashville,37068,NA,0,NA,Inf
TN,Nashville,37069,19952,2,16.25,9976
TN,Nashville,37070,NA,0,NA,Inf
TN,Nashville,37071,NA,0,NA,Inf
TN,Nashville,37072,32190,17,5.617647058823529,1893.5294117647059
TN,Nashville,37073,13999,3,11.333333333333334,4666.333333333333
TN,Nashville,37075,63768,34,10.264705882352942,1875.5294117647059
TN,Nashville,37076,39026,32,10.828125,1219.5625
TN,Nashville,37077,NA,0,NA,Inf
TN,Nashville,37080,6980,4,-2,1745
TN,Nashville,37082,6516,3,5.333333333333333,2172
TN,Nashville,37085,4684,0,NA,Inf
TN,Nashville,37086,34216,14,-2.357142857142857,2444
TN,Nashville,37087,45282,0,NA,Inf
TN,Nashville,37088,NA,0,NA,Inf
TN,Nashville,37089,NA,0,NA,Inf
TN,Nashville,37090,14126,3,-0.16666666666666666,4708.666666666667
TN,Nashville,37115,40778,27,5.462962962962963,1510.2962962962963
TN,Nashville,37116,NA,0,NA,Inf
TN,Nashville,37118,902,0,NA,Inf
TN,Nashville,37119,NA,0,NA,Inf
TN,Nashville,37121,NA,0,NA,Inf
TN,Nashville,37122,55472,35,15.628571428571428,1584.9142857142858
TN,Nashville,37127,17803,0,NA,Inf
TN,Nashville,37128,48096,0,NA,Inf
TN,Nashville,37129,54583,0,NA,Inf
TN,Nashville,37130,57037,0,NA,Inf
TN,Nashville,37131,NA,0,NA,Inf
TN,Nashville,37132,2485,0,NA,Inf
TN,Nashville,37133,NA,0,NA,Inf
TN,Nashville,37135,11320,3,1,3773.3333333333335
TN,Nashville,37136,NA,0,NA,Inf
TN,Nashville,37138,24105,6,-2.0833333333333335,4017.5
TN,Nashville,37141,1523,0,NA,Inf
TN,Nashville,37143,4060,0,NA,Inf
TN,Nashville,37146,7134,9,0.4444444444444444,792.6666666666666
TN,Nashville,37148,23909,1,0,23909
TN,Nashville,37152,NA,0,NA,Inf
TN,Nashville,37153,5890,0,NA,Inf
TN,Nashville,37165,57,0,NA,Inf
TN,Nashville,37167,57611,48,9.145833333333334,1200.2291666666667
TN,Nashville,37172,29098,10,-0.5,2909.8
TN,Nashville,37179,14073,0,NA,Inf
TN,Nashville,37181,1723,0,NA,Inf
TN,Nashville,37184,5876,0,NA,Inf
TN,Nashville,37186,9064,0,NA,Inf
TN,Nashville,37187,7460,0,NA,Inf
TN,Nashville,37188,15148,14,2.357142857142857,1082
TN,Nashville,37189,3965,1,0,3965
TN,Nashville,37201,1554,5,8.2,310.8
TN,Nashville,37202,NA,0,NA,Inf
TN,Nashville,37203,13101,36,28.59722222222222,363.9166666666667
TN,Nashville,37204,14230,16,8.5,889.375
TN,Nashville,37205,24761,11,16.863636363636363,2251
TN,Nashville,37206,25531,4,-7.75,6382.75
TN,Nashville,37207,37560,15,-3.1666666666666665,2504
TN,Nashville,37208,17407,3,1.1666666666666667,5802.333333333333
TN,Nashville,37209,37480,24,9.625,1561.6666666666667
TN,Nashville,37210,17583,8,1.0625,2197.875
TN,Nashville,37211,78057,42,5.154761904761905,1858.5
TN,Nashville,37212,20902,5,4.9,4180.4
TN,Nashville,37213,114,0,NA,Inf
TN,Nashville,37214,30971,38,1.381578947368421,815.0263157894736
TN,Nashville,37215,21803,12,19.083333333333332,1816.9166666666667
TN,Nashville,37216,18905,10,-9.15,1890.5
TN,Nashville,37217,30979,18,4.666666666666667,1721.0555555555557
TN,Nashville,37218,15820,3,-0.8333333333333334,5273.333333333333
TN,Nashville,37219,1060,6,22.25,176.66666666666666
TN,Nashville,37220,5579,0,NA,Inf
TN,Nashville,37221,39710,27,9.25925925925926,1470.7407407407406
TN,Nashville,37222,NA,0,NA,Inf
TN,Nashville,37224,NA,0,NA,Inf
TN,Nashville,37227,NA,0,NA,Inf
TN,Nashville,37228,1095,10,-4.65,109.5
TN,Nashville,37229,NA,0,NA,Inf
TN,Nashville,37230,NA,0,NA,Inf
TN,Nashville,37232,NA,0,NA,Inf
TN,Nashville,37234,NA,0,NA,Inf
TN,Nashville,37235,NA,0,NA,Inf
TN,Nashville,37236,NA,0,NA,Inf
TN,Nashville,37238,NA,0,NA,Inf
TN,Nashville,37240,747,0,NA,Inf
TN,Nashville,37241,NA,0,NA,Inf
TN,Nashville,37242,NA,0,NA,Inf
TN,Nashville,37243,NA,0,NA,Inf
TN,Nashville,37244,NA,0,NA,Inf
TN,Nashville,37246,NA,0,NA,Inf
TN,Nashville,37249,NA,0,NA,Inf
TN,Nashville,37250,NA,0,NA,Inf
TN,Nashville,38476,954,0,NA,Inf
MO,St Louis,62001,1664,0,NA,Inf
MO,St Louis,62002,31489,18,3.2222222222222223,1749.388888888889
MO,St Louis,62010,11571,3,4.833333333333333,3857
MO,St Louis,62012,6500,0,NA,Inf
MO,St Louis,62018,2977,0,NA,Inf
MO,St Louis,62021,865,0,NA,Inf
MO,St Louis,62022,956,0,NA,Inf
MO,St Louis,62024,9910,3,1.6666666666666667,3303.3333333333335
MO,St Louis,62025,34504,22,9.863636363636363,1568.3636363636363
MO,St Louis,62026,NA,0,NA,Inf
MO,St Louis,62028,1213,0,NA,Inf
MO,St Louis,62030,143,0,NA,Inf
MO,St Louis,62031,836,0,NA,Inf
MO,St Louis,62034,13605,8,0.125,1700.625
MO,St Louis,62035,16438,5,1.7,3287.6
MO,St Louis,62037,2066,0,NA,Inf
MO,St Louis,62040,42692,14,1.6785714285714286,3049.4285714285716
MO,St Louis,62046,783,0,NA,Inf
MO,St Louis,62048,1771,0,NA,Inf
MO,St Louis,62052,12464,0,NA,Inf
MO,St Louis,62058,768,0,NA,Inf
MO,St Louis,62059,580,0,NA,Inf
MO,St Louis,62060,4699,0,NA,Inf
MO,St Louis,62061,1761,0,NA,Inf
MO,St Louis,62062,8095,2,0.25,4047.5
MO,St Louis,62063,1154,0,NA,Inf
MO,St Louis,62067,2468,0,NA,Inf
MO,St Louis,62071,NA,0,NA,Inf
MO,St Louis,62074,1298,0,NA,Inf
MO,St Louis,62084,1632,0,NA,Inf
MO,St Louis,62087,2232,0,NA,Inf
MO,St Louis,62090,1216,0,NA,Inf
MO,St Louis,62095,10553,5,-0.2,2110.6
MO,St Louis,62097,2979,0,NA,Inf
MO,St Louis,62201,7862,0,NA,Inf
MO,St Louis,62202,NA,0,NA,Inf
MO,St Louis,62203,7464,0,NA,Inf
MO,St Louis,62204,8416,0,NA,Inf
MO,St Louis,62205,8547,0,NA,Inf
MO,St Louis,62206,15233,8,-0.375,1904.125
MO,St Louis,62207,8473,0,NA,Inf
MO,St Louis,62208,16644,22,23.636363636363637,756.5454545454545
MO,St Louis,62215,1742,0,NA,Inf
MO,St Louis,62216,2807,0,NA,Inf
MO,St Louis,62218,1720,0,NA,Inf
MO,St Louis,62219,955,0,NA,Inf
MO,St Louis,62220,19167,6,-1.8333333333333333,3194.5
MO,St Louis,62221,29031,15,12.2,1935.4
MO,St Louis,62222,NA,0,NA,Inf
MO,St Louis,62223,16665,5,-4.6,3333
MO,St Louis,62225,5239,1,3.5,5239
MO,St Louis,62226,28914,18,-1.6666666666666667,1606.3333333333333
MO,St Louis,62230,6242,0,NA,Inf
MO,St Louis,62231,7397,0,NA,Inf
MO,St Louis,62232,6988,5,-4.5,1397.6
MO,St Louis,62234,32056,21,6.785714285714286,1526.4761904761904
MO,St Louis,62236,13293,6,-0.25,2215.5
MO,St Louis,62239,5083,0,NA,Inf
MO,St Louis,62240,1690,0,NA,Inf
MO,St Louis,62243,5724,0,NA,Inf
MO,St Louis,62244,1035,0,NA,Inf
MO,St Louis,62245,1723,0,NA,Inf
MO,St Louis,62248,351,0,NA,Inf
MO,St Louis,62249,15520,0,NA,Inf
MO,St Louis,62250,509,0,NA,Inf
MO,St Louis,62252,NA,0,NA,Inf
MO,St Louis,62253,574,0,NA,Inf
MO,St Louis,62254,5975,3,11.333333333333334,1991.6666666666667
MO,St Louis,62255,1364,0,NA,Inf
MO,St Louis,62256,NA,0,NA,Inf
MO,St Louis,62257,2666,0,NA,Inf
MO,St Louis,62258,9468,1,0,9468
MO,St Louis,62260,7282,1,-3,7282
MO,St Louis,62264,3613,0,NA,Inf
MO,St Louis,62265,4586,0,NA,Inf
MO,St Louis,62266,173,0,NA,Inf
MO,St Louis,62269,31681,28,14.892857142857142,1131.4642857142858
MO,St Louis,62279,6,0,NA,Inf
MO,St Louis,62281,2842,0,NA,Inf
MO,St Louis,62282,435,0,NA,Inf
MO,St Louis,62285,4392,0,NA,Inf
MO,St Louis,62289,378,0,NA,Inf
MO,St Louis,62293,4581,0,NA,Inf
MO,St Louis,62294,14089,10,6.6,1408.9
MO,St Louis,62295,1460,0,NA,Inf
MO,St Louis,62298,16983,4,2.375,4245.75
MO,St Louis,63001,NA,0,NA,Inf
MO,St Louis,63005,17822,0,NA,Inf
MO,St Louis,63006,NA,0,NA,Inf
MO,St Louis,63010,35988,29,10.89655172413793,1240.9655172413793
MO,St Louis,63011,37765,16,21.40625,2360.3125
MO,St Louis,63012,10599,0,NA,Inf
MO,St Louis,63013,1718,0,NA,Inf
MO,St Louis,63014,827,0,NA,Inf
MO,St Louis,63015,2332,0,NA,Inf
MO,St Louis,63016,7535,0,NA,Inf
MO,St Louis,63017,41579,9,16,4619.888888888889
MO,St Louis,63019,4414,0,NA,Inf
MO,St Louis,63020,20133,0,NA,Inf
MO,St Louis,63021,56360,7,11.071428571428571,8051.428571428572
MO,St Louis,63022,NA,0,NA,Inf
MO,St Louis,63023,6007,0,NA,Inf
MO,St Louis,63024,NA,0,NA,Inf
MO,St Louis,63025,14041,0,NA,Inf
MO,St Louis,63026,44534,27,11.444444444444445,1649.4074074074074
MO,St Louis,63028,26259,0,NA,Inf
MO,St Louis,63030,223,0,NA,Inf
MO,St Louis,63031,47672,24,10.354166666666666,1986.3333333333333
MO,St Louis,63032,NA,0,NA,Inf
MO,St Louis,63033,43740,25,3.62,1749.6
MO,St Louis,63034,17941,0,NA,Inf
MO,St Louis,63037,3238,0,NA,Inf
MO,St Louis,63038,7260,0,NA,Inf
MO,St Louis,63039,661,0,NA,Inf
MO,St Louis,63040,8119,0,NA,Inf
MO,St Louis,63041,629,0,NA,Inf
MO,St Louis,63042,19748,11,4.681818181818182,1795.2727272727273
MO,St Louis,63043,22496,16,11.125,1406
MO,St Louis,63044,10613,19,7.394736842105263,558.578947368421
MO,St Louis,63045,NA,0,NA,Inf
MO,St Louis,63047,64,0,NA,Inf
MO,St Louis,63048,3812,0,NA,Inf
MO,St Louis,63049,16603,6,5.333333333333333,2767.1666666666665
MO,St Louis,63050,16451,0,NA,Inf
MO,St Louis,63051,14306,0,NA,Inf
MO,St Louis,63052,26609,4,3.625,6652.25
MO,St Louis,63053,64,0,NA,Inf
MO,St Louis,63055,3039,0,NA,Inf
MO,St Louis,63056,2027,0,NA,Inf
MO,St Louis,63057,65,0,NA,Inf
MO,St Louis,63060,2118,0,NA,Inf
MO,St Louis,63061,176,0,NA,Inf
MO,St Louis,63065,NA,0,NA,Inf
MO,St Louis,63066,NA,0,NA,Inf
MO,St Louis,63068,5148,0,NA,Inf
MO,St Louis,63069,15959,0,NA,Inf
MO,St Louis,63070,7761,0,NA,Inf
MO,St Louis,63072,2839,0,NA,Inf
MO,St Louis,63073,919,0,NA,Inf
MO,St Louis,63074,14961,11,1.8636363636363635,1360.090909090909
MO,St Louis,63077,10989,0,NA,Inf
MO,St Louis,63079,21,0,NA,Inf
MO,St Louis,63080,13220,0,NA,Inf
MO,St Louis,63084,18669,0,NA,Inf
MO,St Louis,63088,8342,8,-0.1875,1042.75
MO,St Louis,63089,5700,0,NA,Inf
MO,St Louis,63090,21627,0,NA,Inf
MO,St Louis,63099,NA,0,NA,Inf
MO,St Louis,63101,3348,8,7.625,418.5
MO,St Louis,63102,2221,4,15.5,555.25
MO,St Louis,63103,7964,6,17,1327.3333333333333
MO,St Louis,63104,19693,11,-0.13636363636363635,1790.2727272727273
MO,St Louis,63105,18064,7,32.857142857142854,2580.5714285714284
MO,St Louis,63106,11474,2,-11.25,5737
MO,St Louis,63107,10238,3,-1.1666666666666667,3412.6666666666665
MO,St Louis,63108,21279,24,4.9375,886.625
MO,St Louis,63109,26858,16,20.09375,1678.625
MO,St Louis,63110,17898,6,9.583333333333334,2983
MO,St Louis,63111,21334,8,-1,2666.75
MO,St Louis,63112,19443,1,7,19443
MO,St Louis,63113,11184,1,-13,11184
MO,St Louis,63114,35702,12,0.08333333333333333,2975.1666666666665
MO,St Louis,63115,18799,3,-1,6266.333333333333
MO,St Louis,63116,44984,9,4.222222222222222,4998.222222222223
MO,St Louis,63117,8985,17,24.205882352941178,528.5294117647059
MO,St Louis,63118,28089,8,4.0625,3511.125
MO,St Louis,63119,33991,21,3.9285714285714284,1618.6190476190477
MO,St Louis,63120,8877,0,NA,Inf
MO,St Louis,63121,24713,6,-7,4118.833333333333
MO,St Louis,63122,38941,20,24.225,1947.05
MO,St Louis,63123,50790,20,2.075,2539.5
MO,St Louis,63124,10661,0,NA,Inf
MO,St Louis,63125,32588,17,4.176470588235294,1916.9411764705883
MO,St Louis,63126,15000,4,17.125,3750
MO,St Louis,63127,5009,8,30.1875,626.125
MO,St Louis,63128,30298,14,12.678571428571429,2164.1428571428573
MO,St Louis,63129,53984,23,3.6956521739130435,2347.1304347826085
MO,St Louis,63130,29423,14,15.214285714285714,2101.6428571428573
MO,St Louis,63131,17458,19,35.55263157894737,918.8421052631579
MO,St Louis,63132,13604,15,4.633333333333334,906.9333333333333
MO,St Louis,63133,7299,1,-27,7299
MO,St Louis,63134,13783,8,2.8125,1722.875
MO,St Louis,63135,20980,5,0.2,4196
MO,St Louis,63136,45653,17,-1.3235294117647058,2685.470588235294
MO,St Louis,63137,19980,3,2.3333333333333335,6660
MO,St Louis,63138,19301,3,-3,6433.666666666667
MO,St Louis,63139,21711,13,-6.769230769230769,1670.076923076923
MO,St Louis,63140,272,0,NA,Inf
MO,St Louis,63141,20229,18,30.22222222222222,1123.8333333333333
MO,St Louis,63143,9659,12,18.541666666666668,804.9166666666666
MO,St Louis,63144,8776,11,30.59090909090909,797.8181818181819
MO,St Louis,63145,NA,0,NA,Inf
MO,St Louis,63146,29897,5,20.2,5979.4
MO,St Louis,63147,10257,1,-9,10257
MO,St Louis,63150,NA,0,NA,Inf
MO,St Louis,63151,NA,0,NA,Inf
MO,St Louis,63155,NA,0,NA,Inf
MO,St Louis,63156,NA,0,NA,Inf
MO,St Louis,63157,NA,0,NA,Inf
MO,St Louis,63158,NA,0,NA,Inf
MO,St Louis,63160,NA,0,NA,Inf
MO,St Louis,63163,NA,0,NA,Inf
MO,St Louis,63164,NA,0,NA,Inf
MO,St Louis,63166,NA,0,NA,Inf
MO,St Louis,63167,NA,0,NA,Inf
MO,St Louis,63169,NA,0,NA,Inf
MO,St Louis,63171,NA,0,NA,Inf
MO,St Louis,63177,NA,0,NA,Inf
MO,St Louis,63178,NA,0,NA,Inf
MO,St Louis,63179,NA,0,NA,Inf
MO,St Louis,63180,NA,0,NA,Inf
MO,St Louis,63182,NA,0,NA,Inf
MO,St Louis,63188,NA,0,NA,Inf
MO,St Louis,63190,NA,0,NA,Inf
MO,St Louis,63195,NA,0,NA,Inf
MO,St Louis,63197,NA,0,NA,Inf
MO,St Louis,63198,NA,0,NA,Inf
MO,St Louis,63199,NA,0,NA,Inf
MO,St Louis,63301,50613,22,3.75,2300.590909090909
MO,St Louis,63302,NA,0,NA,Inf
MO,St Louis,63303,47669,14,13.464285714285714,3404.9285714285716
MO,St Louis,63304,40937,0,NA,Inf
MO,St Louis,63332,1274,0,NA,Inf
MO,St Louis,63338,NA,0,NA,Inf
MO,St Louis,63341,3631,0,NA,Inf
MO,St Louis,63342,NA,0,NA,Inf
MO,St Louis,63343,4573,0,NA,Inf
MO,St Louis,63346,NA,0,NA,Inf
MO,St Louis,63347,2966,0,NA,Inf
MO,St Louis,63348,6228,0,NA,Inf
MO,St Louis,63349,2038,0,NA,Inf
MO,St Louis,63357,5181,0,NA,Inf
MO,St Louis,63362,7187,0,NA,Inf
MO,St Louis,63365,NA,0,NA,Inf
MO,St Louis,63366,49077,0,NA,Inf
MO,St Louis,63367,23625,0,NA,Inf
MO,St Louis,63368,45640,0,NA,Inf
MO,St Louis,63369,1930,0,NA,Inf
MO,St Louis,63370,6,0,NA,Inf
MO,St Louis,63373,521,0,NA,Inf
MO,St Louis,63376,74623,0,NA,Inf
MO,St Louis,63377,2752,0,NA,Inf
MO,St Louis,63378,NA,0,NA,Inf
MO,St Louis,63379,24878,0,NA,Inf
MO,St Louis,63381,668,0,NA,Inf
MO,St Louis,63383,16257,0,NA,Inf
MO,St Louis,63385,42019,0,NA,Inf
MO,St Louis,63386,408,0,NA,Inf
MO,St Louis,63387,53,0,NA,Inf
MO,St Louis,63389,6599,0,NA,Inf
MO,St Louis,63390,11068,0,NA,Inf
MO,St Louis,63627,3389,0,NA,Inf
FL,Tampa,33503,96,0,NA,Inf
FL,Tampa,33508,NA,0,NA,Inf
FL,Tampa,33509,NA,0,NA,Inf
FL,Tampa,33510,27899,1,28.5,27899
FL,Tampa,33511,58401,57,18.912280701754387,1024.578947368421
FL,Tampa,33523,17489,0,NA,Inf
FL,Tampa,33524,NA,0,NA,Inf
FL,Tampa,33525,19867,0,NA,Inf
FL,Tampa,33526,NA,0,NA,Inf
FL,Tampa,33527,15129,2,1.25,7564.5
FL,Tampa,33530,NA,0,NA,Inf
FL,Tampa,33534,16570,3,10.333333333333334,5523.333333333333
FL,Tampa,33537,NA,0,NA,Inf
FL,Tampa,33539,NA,0,NA,Inf
FL,Tampa,33540,8515,0,NA,Inf
FL,Tampa,33541,19625,3,-4,6541.666666666667
FL,Tampa,33542,20387,4,4.125,5096.75
FL,Tampa,33543,25521,15,13.333333333333334,1701.4
FL,Tampa,33544,25720,14,19.357142857142858,1837.142857142857
FL,Tampa,33545,17601,4,6.75,4400.25
FL,Tampa,33547,24707,9,5.333333333333333,2745.222222222222
FL,Tampa,33548,6670,7,7.714285714285714,952.8571428571429
FL,Tampa,33549,16931,11,6.636363636363637,1539.1818181818182
FL,Tampa,33550,NA,0,NA,Inf
FL,Tampa,33556,22535,13,17.076923076923077,1733.4615384615386
FL,Tampa,33558,22113,7,2.642857142857143,3159
FL,Tampa,33559,17480,13,23.384615384615383,1344.6153846153845
FL,Tampa,33563,27552,18,2.138888888888889,1530.6666666666667
FL,Tampa,33564,NA,0,NA,Inf
FL,Tampa,33565,17511,0,NA,Inf
FL,Tampa,33566,20144,12,8.583333333333334,1678.6666666666667
FL,Tampa,33567,12504,1,0,12504
FL,Tampa,33568,NA,0,NA,Inf
FL,Tampa,33569,26170,18,7.555555555555555,1453.888888888889
FL,Tampa,33570,26436,6,12.166666666666666,4406
FL,Tampa,33571,NA,0,NA,Inf
FL,Tampa,33572,17716,7,8.571428571428571,2530.8571428571427
FL,Tampa,33573,21334,9,-2.611111111111111,2370.4444444444443
FL,Tampa,33574,NA,0,NA,Inf
FL,Tampa,33575,NA,0,NA,Inf
FL,Tampa,33576,4284,1,0,4284
FL,Tampa,33578,47735,32,15.65625,1491.71875
FL,Tampa,33579,32166,7,0.9285714285714286,4595.142857142857
FL,Tampa,33583,NA,0,NA,Inf
FL,Tampa,33584,25905,17,-2.5,1523.8235294117646
FL,Tampa,33586,NA,0,NA,Inf
FL,Tampa,33587,NA,0,NA,Inf
FL,Tampa,33592,10463,1,10,10463
FL,Tampa,33593,NA,0,NA,Inf
FL,Tampa,33594,35437,12,14.583333333333334,2953.0833333333335
FL,Tampa,33595,NA,0,NA,Inf
FL,Tampa,33596,29788,8,19.25,3723.5
FL,Tampa,33598,16072,0,NA,Inf
FL,Tampa,33601,NA,0,NA,Inf
FL,Tampa,33602,13929,11,15.681818181818182,1266.2727272727273
FL,Tampa,33603,20386,3,-3,6795.333333333333
FL,Tampa,33604,38088,13,12.192307692307692,2929.846153846154
FL,Tampa,33605,17801,6,3.5,2966.8333333333335
FL,Tampa,33606,18926,17,22.264705882352942,1113.2941176470588
FL,Tampa,33607,24371,43,19.558139534883722,566.7674418604652
FL,Tampa,33608,NA,0,NA,Inf
FL,Tampa,33609,18573,19,38.18421052631579,977.5263157894736
FL,Tampa,33610,43494,15,3.7666666666666666,2899.6
FL,Tampa,33611,32192,22,21.772727272727273,1463.2727272727273
FL,Tampa,33612,47083,47,20.48936170212766,1001.7659574468086
FL,Tampa,33613,34500,14,23.571428571428573,2464.285714285714
FL,Tampa,33614,47751,17,4.882352941176471,2808.8823529411766
FL,Tampa,33615,46195,20,16.375,2309.75
FL,Tampa,33616,15334,0,NA,Inf
FL,Tampa,33617,46295,23,17.434782608695652,2012.8260869565217
FL,Tampa,33618,26654,24,46.104166666666664,1110.5833333333333
FL,Tampa,33619,38193,14,4.214285714285714,2728.0714285714284
FL,Tampa,33620,5359,2,9.75,2679.5
FL,Tampa,33621,2369,1,13.5,2369
FL,Tampa,33622,NA,0,NA,Inf
FL,Tampa,33623,NA,0,NA,Inf
FL,Tampa,33624,38139,8,4.0625,4767.375
FL,Tampa,33625,25981,20,12.95,1299.05
FL,Tampa,33626,29471,13,28.76923076923077,2267
FL,Tampa,33629,25591,10,17.5,2559.1
FL,Tampa,33630,NA,0,NA,Inf
FL,Tampa,33631,NA,0,NA,Inf
FL,Tampa,33633,NA,0,NA,Inf
FL,Tampa,33634,20955,11,28.545454545454547,1905
FL,Tampa,33635,18068,6,9.916666666666666,3011.3333333333335
FL,Tampa,33637,16732,4,22.75,4183
FL,Tampa,33646,NA,0,NA,Inf
FL,Tampa,33647,66380,28,20.285714285714285,2370.714285714286
FL,Tampa,33650,NA,0,NA,Inf
FL,Tampa,33655,NA,0,NA,Inf
FL,Tampa,33660,NA,0,NA,Inf
FL,Tampa,33661,NA,0,NA,Inf
FL,Tampa,33662,NA,0,NA,Inf
FL,Tampa,33663,NA,0,NA,Inf
FL,Tampa,33664,NA,0,NA,Inf
FL,Tampa,33672,NA,0,NA,Inf
FL,Tampa,33673,NA,0,NA,Inf
FL,Tampa,33674,NA,0,NA,Inf
FL,Tampa,33675,NA,0,NA,Inf
FL,Tampa,33677,NA,0,NA,Inf
FL,Tampa,33679,NA,0,NA,Inf
FL,Tampa,33680,NA,0,NA,Inf
FL,Tampa,33681,NA,0,NA,Inf
FL,Tampa,33682,NA,0,NA,Inf
FL,Tampa,33684,NA,0,NA,Inf
FL,Tampa,33685,NA,0,NA,Inf
FL,Tampa,33686,NA,0,NA,Inf
FL,Tampa,33687,NA,0,NA,Inf
FL,Tampa,33688,NA,0,NA,Inf
FL,Tampa,33689,NA,0,NA,Inf
FL,Tampa,33690,NA,0,NA,Inf
FL,Tampa,33694,NA,0,NA,Inf
FL,Tampa,33701,15545,15,20.133333333333333,1036.3333333333333
FL,Tampa,33702,30605,17,15.470588235294118,1800.2941176470588
FL,Tampa,33703,24784,7,29.928571428571427,3540.5714285714284
FL,Tampa,33704,16293,9,9.222222222222221,1810.3333333333333
FL,Tampa,33705,27171,1,-6.5,27171
FL,Tampa,33706,16195,5,36.1,3239
FL,Tampa,33707,24734,8,-0.8125,3091.75
FL,Tampa,33708,15948,5,8.6,3189.6
FL,Tampa,33709,26285,11,10.909090909090908,2389.5454545454545
FL,Tampa,33710,34043,19,18.18421052631579,1791.7368421052631
FL,Tampa,33711,19457,15,-4.1,1297.1333333333334
FL,Tampa,33712,25072,1,-5,25072
FL,Tampa,33713,32177,17,1.4705882352941178,1892.764705882353
FL,Tampa,33714,20179,0,NA,Inf
FL,Tampa,33715,7282,0,NA,Inf
FL,Tampa,33716,18028,3,29,6009.333333333333
FL,Tampa,33729,NA,0,NA,Inf
FL,Tampa,33730,NA,0,NA,Inf
FL,Tampa,33731,NA,0,NA,Inf
FL,Tampa,33732,NA,0,NA,Inf
FL,Tampa,33733,NA,0,NA,Inf
FL,Tampa,33734,NA,0,NA,Inf
FL,Tampa,33736,NA,0,NA,Inf
FL,Tampa,33737,NA,0,NA,Inf
FL,Tampa,33738,NA,0,NA,Inf
FL,Tampa,33740,NA,0,NA,Inf
FL,Tampa,33741,NA,0,NA,Inf
FL,Tampa,33742,NA,0,NA,Inf
FL,Tampa,33743,NA,0,NA,Inf
FL,Tampa,33744,167,0,NA,Inf
FL,Tampa,33747,NA,0,NA,Inf
FL,Tampa,33755,24948,8,7,3118.5
FL,Tampa,33756,32992,11,10,2999.2727272727275
FL,Tampa,33757,NA,0,NA,Inf
FL,Tampa,33758,NA,0,NA,Inf
FL,Tampa,33759,18060,16,20.375,1128.75
FL,Tampa,33760,17160,4,15.375,4290
FL,Tampa,33761,20057,16,19.15625,1253.5625
FL,Tampa,33762,7666,14,25.035714285714285,547.5714285714286
FL,Tampa,33763,19153,3,48.166666666666664,6384.333333333333
FL,Tampa,33764,26039,13,17.307692307692307,2003
FL,Tampa,33765,14108,22,19.045454545454547,641.2727272727273
FL,Tampa,33766,NA,0,NA,Inf
FL,Tampa,33767,7895,8,6.9375,986.875
FL,Tampa,33769,NA,0,NA,Inf
FL,Tampa,33770,25742,9,3.4444444444444446,2860.222222222222
FL,Tampa,33771,29505,28,14.678571428571429,1053.75
FL,Tampa,33772,22317,19,17.42105263157895,1174.578947368421
FL,Tampa,33773,18163,6,8.583333333333334,3027.1666666666665
FL,Tampa,33774,18860,12,5.791666666666667,1571.6666666666667
FL,Tampa,33775,NA,0,NA,Inf
FL,Tampa,33776,12657,1,2.5,12657
FL,Tampa,33777,16997,6,10.5,2832.8333333333335
FL,Tampa,33778,14869,5,5,2973.8
FL,Tampa,33779,NA,0,NA,Inf
FL,Tampa,33780,NA,0,NA,Inf
FL,Tampa,33781,25346,31,20.080645161290324,817.6129032258065
FL,Tampa,33782,22811,2,1.25,11405.5
FL,Tampa,33784,NA,0,NA,Inf
FL,Tampa,33785,5546,0,NA,Inf
FL,Tampa,33786,1648,0,NA,Inf
FL,Tampa,34601,21946,0,NA,Inf
FL,Tampa,34602,6719,0,NA,Inf
FL,Tampa,34603,NA,0,NA,Inf
FL,Tampa,34604,10808,0,NA,Inf
FL,Tampa,34605,NA,0,NA,Inf
FL,Tampa,34606,26028,16,4.25,1626.75
FL,Tampa,34607,8562,2,27.75,4281
FL,Tampa,34608,33685,4,0.375,8421.25
FL,Tampa,34609,40234,12,7.208333333333333,3352.8333333333335
FL,Tampa,34610,13782,0,NA,Inf
FL,Tampa,34611,NA,0,NA,Inf
FL,Tampa,34613,17460,0,NA,Inf
FL,Tampa,34614,7520,0,NA,Inf
FL,Tampa,34636,NA,0,NA,Inf
FL,Tampa,34637,8205,0,NA,Inf
FL,Tampa,34638,25452,7,2.142857142857143,3636
FL,Tampa,34639,27583,10,6.05,2758.3
FL,Tampa,34652,23339,8,3.1875,2917.375
FL,Tampa,34653,35079,11,2.090909090909091,3189
FL,Tampa,34654,23180,14,9,1655.7142857142858
FL,Tampa,34655,39222,14,23.392857142857142,2801.5714285714284
FL,Tampa,34656,NA,0,NA,Inf
FL,Tampa,34660,NA,0,NA,Inf
FL,Tampa,34661,180,0,NA,Inf
FL,Tampa,34667,33930,7,8.714285714285714,4847.142857142857
FL,Tampa,34668,45482,20,14.4,2274.1
FL,Tampa,34669,12252,7,10.857142857142858,1750.2857142857142
FL,Tampa,34673,NA,0,NA,Inf
FL,Tampa,34674,NA,0,NA,Inf
FL,Tampa,34677,21858,14,21.178571428571427,1561.2857142857142
FL,Tampa,34679,64,0,NA,Inf
FL,Tampa,34680,NA,0,NA,Inf
FL,Tampa,34681,834,0,NA,Inf
FL,Tampa,34682,NA,0,NA,Inf
FL,Tampa,34683,32672,0,NA,Inf
FL,Tampa,34684,28910,17,12.294117647058824,1700.5882352941176
FL,Tampa,34685,19210,11,22.09090909090909,1746.3636363636363
FL,Tampa,34688,6429,0,NA,Inf
FL,Tampa,34689,27398,19,12.657894736842104,1442
FL,Tampa,34690,12013,0,NA,Inf
FL,Tampa,34691,20164,8,2.75,2520.5
FL,Tampa,34692,NA,0,NA,Inf
FL,Tampa,34695,17797,2,39,8898.5
FL,Tampa,34697,NA,0,NA,Inf
FL,Tampa,34698,38230,19,11.631578947368421,2012.1052631578948
ID,Boise,83605,44416,0,NA,Inf
ID,Boise,83606,NA,0,NA,Inf
ID,Boise,83607,23845,0,NA,Inf
ID,Boise,83616,27141,11,3.5454545454545454,2467.3636363636365
ID,Boise,83626,1684,0,NA,Inf
ID,Boise,83630,NA,0,NA,Inf
ID,Boise,83634,27846,2,10.25,13923
ID,Boise,83641,3397,0,NA,Inf
ID,Boise,83642,41893,42,8.023809523809524,997.452380952381
ID,Boise,83644,11191,0,NA,Inf
ID,Boise,83646,58684,21,41.88095238095238,2794.4761904761904
ID,Boise,83651,33513,0,NA,Inf
ID,Boise,83652,NA,0,NA,Inf
ID,Boise,83653,NA,0,NA,Inf
ID,Boise,83656,631,0,NA,Inf
ID,Boise,83660,6566,0,NA,Inf
ID,Boise,83669,9856,0,NA,Inf
ID,Boise,83676,4511,0,NA,Inf
ID,Boise,83680,NA,0,NA,Inf
ID,Boise,83686,47041,0,NA,Inf
ID,Boise,83687,32449,0,NA,Inf
ID,Boise,83701,NA,0,NA,Inf
ID,Boise,83702,22722,14,21.892857142857142,1623
ID,Boise,83703,16120,7,2.642857142857143,2302.8571428571427
ID,Boise,83704,40793,25,17.16,1631.72
ID,Boise,83705,27423,16,5.9375,1713.9375
ID,Boise,83706,32701,19,8.236842105263158,1721.1052631578948
ID,Boise,83707,NA,0,NA,Inf
ID,Boise,83708,NA,0,NA,Inf
ID,Boise,83709,55708,24,16.145833333333332,2321.1666666666665
ID,Boise,83711,NA,0,NA,Inf
ID,Boise,83712,8638,0,NA,Inf
ID,Boise,83713,30258,13,8.346153846153847,2327.5384615384614
ID,Boise,83714,20916,16,10.09375,1307.25
ID,Boise,83715,NA,0,NA,Inf
ID,Boise,83716,17398,4,8.875,4349.5
ID,Boise,83717,NA,0,NA,Inf
ID,Boise,83719,NA,0,NA,Inf
ID,Boise,83720,NA,0,NA,Inf
ID,Boise,83722,NA,0,NA,Inf
ID,Boise,83724,NA,0,NA,Inf
ID,Boise,83725,NA,0,NA,Inf
ID,Boise,83726,NA,0,NA,Inf
ID,Boise,83728,NA,0,NA,Inf
ID,Boise,83729,NA,0,NA,Inf
ID,Boise,83731,NA,0,NA,Inf
ID,Boise,83732,NA,0,NA,Inf
ID,Boise,83735,NA,0,NA,Inf
ID,Boise,83756,NA,0,NA,Inf
ID,Boise,83799,NA,0,NA,Inf
CA,Santa Barbara,93463,8011,0,NA,Inf
CA,Santa Barbara,93427,5757,0,NA,Inf
CA,Santa Barbara,93013,16735,9,14.88888888888889,1859.4444444444443
CA,Santa Barbara,93014,NA,0,NA,Inf
CA,Santa Barbara,93429,147,0,NA,Inf
CA,Santa Barbara,93254,626,0,NA,Inf
CA,Santa Barbara,93454,40333,0,NA,Inf
CA,Santa Barbara,93117,57913,24,29.520833333333332,2413.0416666666665
CA,Santa Barbara,93110,16838,1,39,16838
CA,Santa Barbara,93111,18334,4,117.625,4583.5
CA,Santa Barbara,93116,NA,0,NA,Inf
CA,Santa Barbara,93118,NA,0,NA,Inf
CA,Santa Barbara,93160,NA,0,NA,Inf
CA,Santa Barbara,93199,NA,0,NA,Inf
CA,Santa Barbara,93434,7313,0,NA,Inf
CA,Santa Barbara,93436,56606,0,NA,Inf
CA,Santa Barbara,93437,3450,0,NA,Inf
CA,Santa Barbara,93438,NA,0,NA,Inf
CA,Santa Barbara,93440,1601,0,NA,Inf
CA,Santa Barbara,93441,996,0,NA,Inf
CA,Santa Barbara,93108,11178,1,127.5,11178
CA,Santa Barbara,93150,NA,0,NA,Inf
CA,Santa Barbara,93455,44490,0,NA,Inf
CA,Santa Barbara,93457,NA,0,NA,Inf
CA,Santa Barbara,93101,32101,13,35.03846153846154,2469.3076923076924
CA,Santa Barbara,93102,NA,0,NA,Inf
CA,Santa Barbara,93103,20698,8,6.5,2587.25
CA,Santa Barbara,93105,26177,15,58.8,1745.1333333333334
CA,Santa Barbara,93106,NA,0,NA,Inf
CA,Santa Barbara,93107,NA,0,NA,Inf
CA,Santa Barbara,93109,12066,5,20,2413.2
CA,Santa Barbara,93120,NA,0,NA,Inf
CA,Santa Barbara,93121,NA,0,NA,Inf
CA,Santa Barbara,93130,NA,0,NA,Inf
CA,Santa Barbara,93140,NA,0,NA,Inf
CA,Santa Barbara,93190,NA,0,NA,Inf
CA,Santa Barbara,93456,NA,0,NA,Inf
CA,Santa Barbara,93458,56702,0,NA,Inf
CA,Santa Barbara,93460,4886,0,NA,Inf
CA,Santa Barbara,93464,NA,0,NA,Inf
CA,Santa Barbara,93067,579,0,NA,Inf
IN,Indianapolis,46001,10185,0,NA,Inf
IN,Indianapolis,46011,17021,0,NA,Inf
IN,Indianapolis,46012,19306,0,NA,Inf
IN,Indianapolis,46013,17330,0,NA,Inf
IN,Indianapolis,46014,NA,0,NA,Inf
IN,Indianapolis,46015,NA,0,NA,Inf
IN,Indianapolis,46016,18300,0,NA,Inf
IN,Indianapolis,46017,5736,0,NA,Inf
IN,Indianapolis,46018,NA,0,NA,Inf
IN,Indianapolis,46030,2917,0,NA,Inf
IN,Indianapolis,46031,2290,0,NA,Inf
IN,Indianapolis,46032,47108,40,17.8875,1177.7
IN,Indianapolis,46033,38275,5,22.8,7655
IN,Indianapolis,46034,6845,0,NA,Inf
IN,Indianapolis,46036,11756,0,NA,Inf
IN,Indianapolis,46037,40798,6,10.166666666666666,6799.666666666667
IN,Indianapolis,46038,42003,40,23.7125,1050.075
IN,Indianapolis,46040,11525,1,-11,11525
IN,Indianapolis,46044,2983,0,NA,Inf
IN,Indianapolis,46048,2378,0,NA,Inf
IN,Indianapolis,46051,2864,0,NA,Inf
IN,Indianapolis,46052,21969,0,NA,Inf
IN,Indianapolis,46055,11445,1,-6,11445
IN,Indianapolis,46056,2304,0,NA,Inf
IN,Indianapolis,46060,39986,1,0,39986
IN,Indianapolis,46061,NA,0,NA,Inf
IN,Indianapolis,46062,34420,0,NA,Inf
IN,Indianapolis,46063,395,0,NA,Inf
IN,Indianapolis,46064,16856,0,NA,Inf
IN,Indianapolis,46069,7600,0,NA,Inf
IN,Indianapolis,46070,2360,0,NA,Inf
IN,Indianapolis,46071,3539,0,NA,Inf
IN,Indianapolis,46074,31580,0,NA,Inf
IN,Indianapolis,46075,5814,10,9.3,581.4
IN,Indianapolis,46077,27666,15,11.1,1844.4
IN,Indianapolis,46082,NA,0,NA,Inf
IN,Indianapolis,46085,NA,0,NA,Inf
IN,Indianapolis,46102,NA,0,NA,Inf
IN,Indianapolis,46103,299,0,NA,Inf
IN,Indianapolis,46106,6008,0,NA,Inf
IN,Indianapolis,46107,12644,0,NA,Inf
IN,Indianapolis,46110,509,0,NA,Inf
IN,Indianapolis,46111,210,0,NA,Inf
IN,Indianapolis,46112,36213,24,10.270833333333334,1508.875
IN,Indianapolis,46113,15663,11,4.409090909090909,1423.909090909091
IN,Indianapolis,46117,736,0,NA,Inf
IN,Indianapolis,46118,5196,0,NA,Inf
IN,Indianapolis,46121,5291,0,NA,Inf
IN,Indianapolis,46122,15963,1,12,15963
IN,Indianapolis,46123,34276,29,18.482758620689655,1181.9310344827586
IN,Indianapolis,46124,8376,0,NA,Inf
IN,Indianapolis,46125,40,0,NA,Inf
IN,Indianapolis,46126,5003,0,NA,Inf
IN,Indianapolis,46129,NA,0,NA,Inf
IN,Indianapolis,46130,2430,0,NA,Inf
IN,Indianapolis,46131,32088,0,NA,Inf
IN,Indianapolis,46140,39213,3,-7,13071
IN,Indianapolis,46142,30066,35,17.12857142857143,859.0285714285715
IN,Indianapolis,46143,55476,19,10.368421052631579,2919.7894736842104
IN,Indianapolis,46144,170,0,NA,Inf
IN,Indianapolis,46147,3225,0,NA,Inf
IN,Indianapolis,46149,2343,0,NA,Inf
IN,Indianapolis,46151,31601,0,NA,Inf
IN,Indianapolis,46154,NA,0,NA,Inf
IN,Indianapolis,46157,4169,0,NA,Inf
IN,Indianapolis,46158,22362,10,2.95,2236.2
IN,Indianapolis,46160,6514,0,NA,Inf
IN,Indianapolis,46161,2804,0,NA,Inf
IN,Indianapolis,46162,550,0,NA,Inf
IN,Indianapolis,46163,12266,2,2.5,6133
IN,Indianapolis,46164,4127,0,NA,Inf
IN,Indianapolis,46165,1418,0,NA,Inf
IN,Indianapolis,46166,1787,0,NA,Inf
IN,Indianapolis,46167,6264,0,NA,Inf
IN,Indianapolis,46168,33925,33,11.151515151515152,1028.030303030303
IN,Indianapolis,46176,27485,0,NA,Inf
IN,Indianapolis,46180,969,0,NA,Inf
IN,Indianapolis,46181,4647,0,NA,Inf
IN,Indianapolis,46182,1427,0,NA,Inf
IN,Indianapolis,46183,17,0,NA,Inf
IN,Indianapolis,46184,13281,6,1.1666666666666667,2213.5
IN,Indianapolis,46186,1851,0,NA,Inf
IN,Indianapolis,46201,29852,15,1.1333333333333333,1990.1333333333334
IN,Indianapolis,46202,19317,19,14.947368421052632,1016.6842105263158
IN,Indianapolis,46203,39250,27,10.574074074074074,1453.7037037037037
IN,Indianapolis,46204,7554,27,32.18518518518518,279.77777777777777
IN,Indianapolis,46205,28380,6,-10.5,4730
IN,Indianapolis,46206,NA,0,NA,Inf
IN,Indianapolis,46207,NA,0,NA,Inf
IN,Indianapolis,46208,23300,9,8.11111111111111,2588.8888888888887
IN,Indianapolis,46209,NA,0,NA,Inf
IN,Indianapolis,46211,NA,0,NA,Inf
IN,Indianapolis,46214,24190,10,7.95,2419
IN,Indianapolis,46216,2117,4,34.875,529.25
IN,Indianapolis,46217,33873,10,2.8,3387.3
IN,Indianapolis,46218,26757,8,-3.625,3344.625
IN,Indianapolis,46219,37284,27,5.222222222222222,1380.888888888889
IN,Indianapolis,46220,36503,28,26.5,1303.6785714285713
IN,Indianapolis,46221,26599,12,11.291666666666666,2216.5833333333335
IN,Indianapolis,46222,36508,8,-2.75,4563.5
IN,Indianapolis,46223,NA,0,NA,Inf
IN,Indianapolis,46224,36881,18,8.5,2048.9444444444443
IN,Indianapolis,46225,7282,10,17.5,728.2
IN,Indianapolis,46226,45468,23,1.3043478260869565,1976.8695652173913
IN,Indianapolis,46227,57023,41,20.085365853658537,1390.8048780487804
IN,Indianapolis,46228,15557,5,3.7,3111.4
IN,Indianapolis,46229,29000,23,11.195652173913043,1260.8695652173913
IN,Indianapolis,46230,NA,0,NA,Inf
IN,Indianapolis,46231,10257,2,39,5128.5
IN,Indianapolis,46234,28732,6,38.333333333333336,4788.666666666667
IN,Indianapolis,46235,32578,1,-9,32578
IN,Indianapolis,46236,28360,16,6.8125,1772.5
IN,Indianapolis,46237,39499,25,22.3,1579.96
IN,Indianapolis,46239,28426,7,-5,4060.8571428571427
IN,Indianapolis,46240,18793,26,36.80769230769231,722.8076923076923
IN,Indianapolis,46241,31610,24,4.229166666666667,1317.0833333333333
IN,Indianapolis,46242,NA,0,NA,Inf
IN,Indianapolis,46244,NA,0,NA,Inf
IN,Indianapolis,46247,NA,0,NA,Inf
IN,Indianapolis,46249,NA,0,NA,Inf
IN,Indianapolis,46250,18999,38,28.605263157894736,499.9736842105263
IN,Indianapolis,46251,NA,0,NA,Inf
IN,Indianapolis,46253,NA,0,NA,Inf
IN,Indianapolis,46254,40259,27,1.8518518518518519,1491.0740740740741
IN,Indianapolis,46255,NA,0,NA,Inf
IN,Indianapolis,46256,22835,8,8.375,2854.375
IN,Indianapolis,46259,11577,1,0,11577
IN,Indianapolis,46260,32798,9,28.61111111111111,3644.222222222222
IN,Indianapolis,46262,NA,0,NA,Inf
IN,Indianapolis,46266,NA,0,NA,Inf
IN,Indianapolis,46268,25457,39,23.243589743589745,652.7435897435897
IN,Indianapolis,46274,NA,0,NA,Inf
IN,Indianapolis,46275,NA,0,NA,Inf
IN,Indianapolis,46277,NA,0,NA,Inf
IN,Indianapolis,46278,8129,11,18.772727272727273,739
IN,Indianapolis,46280,7530,1,17,7530
IN,Indianapolis,46282,NA,0,NA,Inf
IN,Indianapolis,46283,NA,0,NA,Inf
IN,Indianapolis,46285,NA,0,NA,Inf
IN,Indianapolis,46290,213,0,NA,Inf
IN,Indianapolis,46291,NA,0,NA,Inf
IN,Indianapolis,46295,NA,0,NA,Inf
IN,Indianapolis,46296,NA,0,NA,Inf
IN,Indianapolis,46298,NA,0,NA,Inf
IN,Indianapolis,47234,1765,0,NA,Inf
LA,New Orleans,70001,39745,14,19.821428571428573,2838.9285714285716
LA,New Orleans,70002,20437,28,19.642857142857142,729.8928571428571
LA,New Orleans,70003,41056,17,1.6176470588235294,2415.0588235294117
LA,New Orleans,70004,NA,0,NA,Inf
LA,New Orleans,70005,25767,15,11.133333333333333,1717.8
LA,New Orleans,70006,16531,12,34.583333333333336,1377.5833333333333
LA,New Orleans,70009,NA,0,NA,Inf
LA,New Orleans,70010,NA,0,NA,Inf
LA,New Orleans,70011,NA,0,NA,Inf
LA,New Orleans,70030,4019,0,NA,Inf
LA,New Orleans,70031,1361,0,NA,Inf
LA,New Orleans,70032,4319,0,NA,Inf
LA,New Orleans,70033,NA,0,NA,Inf
LA,New Orleans,70036,1146,0,NA,Inf
LA,New Orleans,70037,15966,5,-3.9,3193.2
LA,New Orleans,70038,266,0,NA,Inf
LA,New Orleans,70039,2388,0,NA,Inf
LA,New Orleans,70040,1145,0,NA,Inf
LA,New Orleans,70041,2682,0,NA,Inf
LA,New Orleans,70043,22907,10,-0.6,2290.7
LA,New Orleans,70044,NA,0,NA,Inf
LA,New Orleans,70047,12109,0,NA,Inf
LA,New Orleans,70049,2315,0,NA,Inf
LA,New Orleans,70050,66,0,NA,Inf
LA,New Orleans,70051,2059,0,NA,Inf
LA,New Orleans,70052,3757,0,NA,Inf
LA,New Orleans,70053,16316,12,4.708333333333333,1359.6666666666667
LA,New Orleans,70054,NA,0,NA,Inf
LA,New Orleans,70055,NA,0,NA,Inf
LA,New Orleans,70056,40505,17,0.5294117647058824,2382.6470588235293
LA,New Orleans,70057,4840,0,NA,Inf
LA,New Orleans,70058,38695,24,11.979166666666666,1612.2916666666667
LA,New Orleans,70059,NA,0,NA,Inf
LA,New Orleans,70060,NA,0,NA,Inf
LA,New Orleans,70062,16583,18,3.2222222222222223,921.2777777777778
LA,New Orleans,70063,NA,0,NA,Inf
LA,New Orleans,70064,NA,0,NA,Inf
LA,New Orleans,70065,52046,22,5.7272727272727275,2365.7272727272725
LA,New Orleans,70067,2669,0,NA,Inf
LA,New Orleans,70068,33353,0,NA,Inf
LA,New Orleans,70069,NA,0,NA,Inf
LA,New Orleans,70070,13298,0,NA,Inf
LA,New Orleans,70071,3415,0,NA,Inf
LA,New Orleans,70072,55586,21,6.4523809523809526,2646.9523809523807
LA,New Orleans,70073,NA,0,NA,Inf
LA,New Orleans,70075,5574,1,-5,5574
LA,New Orleans,70076,166,0,NA,Inf
LA,New Orleans,70078,NA,0,NA,Inf
LA,New Orleans,70079,3144,0,NA,Inf
LA,New Orleans,70080,1713,0,NA,Inf
LA,New Orleans,70081,NA,0,NA,Inf
LA,New Orleans,70082,419,0,NA,Inf
LA,New Orleans,70083,2489,0,NA,Inf
LA,New Orleans,70084,7050,0,NA,Inf
LA,New Orleans,70085,4878,0,NA,Inf
LA,New Orleans,70086,2077,0,NA,Inf
LA,New Orleans,70087,8123,1,-5.5,8123
LA,New Orleans,70090,7102,0,NA,Inf
LA,New Orleans,70091,361,0,NA,Inf
LA,New Orleans,70092,7389,0,NA,Inf
LA,New Orleans,70093,NA,0,NA,Inf
LA,New Orleans,70094,30604,10,-1.6,3060.4
LA,New Orleans,70096,NA,0,NA,Inf
LA,New Orleans,70097,NA,0,NA,Inf
LA,New Orleans,70112,2553,6,14.416666666666666,425.5
LA,New Orleans,70113,8276,4,5.5,2069
LA,New Orleans,70114,25202,11,0.5,2291.090909090909
LA,New Orleans,70115,33789,11,11.227272727272727,3071.7272727272725
LA,New Orleans,70116,11737,0,NA,Inf
LA,New Orleans,70117,26468,7,-3.142857142857143,3781.1428571428573
LA,New Orleans,70118,35662,14,12.607142857142858,2547.285714285714
LA,New Orleans,70119,37851,19,10.605263157894736,1992.157894736842
LA,New Orleans,70121,11503,10,12.75,1150.3
LA,New Orleans,70122,37369,11,0.4090909090909091,3397.181818181818
LA,New Orleans,70123,27089,13,27.884615384615383,2083.769230769231
LA,New Orleans,70124,20516,3,19.166666666666668,6838.666666666667
LA,New Orleans,70125,17739,12,38.791666666666664,1478.25
LA,New Orleans,70126,26574,11,-0.8636363636363636,2415.818181818182
LA,New Orleans,70127,25239,5,4.9,5047.8
LA,New Orleans,70128,20014,6,-5.833333333333333,3335.6666666666665
LA,New Orleans,70129,10531,0,NA,Inf
LA,New Orleans,70130,14286,28,7.678571428571429,510.2142857142857
LA,New Orleans,70131,34376,5,7,6875.2
LA,New Orleans,70139,NA,0,NA,Inf
LA,New Orleans,70140,NA,0,NA,Inf
LA,New Orleans,70141,NA,0,NA,Inf
LA,New Orleans,70142,NA,0,NA,Inf
LA,New Orleans,70143,NA,0,NA,Inf
LA,New Orleans,70145,NA,0,NA,Inf
LA,New Orleans,70146,NA,0,NA,Inf
LA,New Orleans,70148,NA,0,NA,Inf
LA,New Orleans,70149,NA,0,NA,Inf
LA,New Orleans,70150,NA,0,NA,Inf
LA,New Orleans,70151,NA,0,NA,Inf
LA,New Orleans,70152,NA,0,NA,Inf
LA,New Orleans,70153,NA,0,NA,Inf
LA,New Orleans,70154,NA,0,NA,Inf
LA,New Orleans,70156,NA,0,NA,Inf
LA,New Orleans,70157,NA,0,NA,Inf
LA,New Orleans,70158,NA,0,NA,Inf
LA,New Orleans,70159,NA,0,NA,Inf
LA,New Orleans,70160,NA,0,NA,Inf
LA,New Orleans,70161,NA,0,NA,Inf
LA,New Orleans,70162,NA,0,NA,Inf
LA,New Orleans,70163,NA,0,NA,Inf
LA,New Orleans,70164,NA,0,NA,Inf
LA,New Orleans,70165,NA,0,NA,Inf
LA,New Orleans,70166,NA,0,NA,Inf
LA,New Orleans,70167,NA,0,NA,Inf
LA,New Orleans,70170,NA,0,NA,Inf
LA,New Orleans,70172,NA,0,NA,Inf
LA,New Orleans,70174,NA,0,NA,Inf
LA,New Orleans,70175,NA,0,NA,Inf
LA,New Orleans,70176,NA,0,NA,Inf
LA,New Orleans,70177,NA,0,NA,Inf
LA,New Orleans,70178,NA,0,NA,Inf
LA,New Orleans,70179,NA,0,NA,Inf
LA,New Orleans,70181,NA,0,NA,Inf
LA,New Orleans,70182,NA,0,NA,Inf
LA,New Orleans,70183,NA,0,NA,Inf
LA,New Orleans,70184,NA,0,NA,Inf
LA,New Orleans,70185,NA,0,NA,Inf
LA,New Orleans,70186,NA,0,NA,Inf
LA,New Orleans,70187,NA,0,NA,Inf
LA,New Orleans,70189,NA,0,NA,Inf
LA,New Orleans,70190,NA,0,NA,Inf
LA,New Orleans,70195,NA,0,NA,Inf
LA,New Orleans,70358,760,0,NA,Inf
LA,New Orleans,70420,8386,0,NA,Inf
LA,New Orleans,70431,5703,0,NA,Inf
LA,New Orleans,70433,37173,0,NA,Inf
LA,New Orleans,70434,NA,0,NA,Inf
LA,New Orleans,70435,18417,0,NA,Inf
LA,New Orleans,70437,8701,0,NA,Inf
LA,New Orleans,70445,10341,0,NA,Inf
LA,New Orleans,70447,12890,0,NA,Inf
LA,New Orleans,70448,25344,0,NA,Inf
LA,New Orleans,70452,12678,0,NA,Inf
LA,New Orleans,70457,NA,0,NA,Inf
LA,New Orleans,70458,37128,0,NA,Inf
LA,New Orleans,70459,NA,0,NA,Inf
LA,New Orleans,70460,22815,0,NA,Inf
LA,New Orleans,70461,27953,0,NA,Inf
LA,New Orleans,70463,219,0,NA,Inf
LA,New Orleans,70464,608,0,NA,Inf
LA,New Orleans,70469,NA,0,NA,Inf
LA,New Orleans,70470,NA,0,NA,Inf
LA,New Orleans,70471,21259,0,NA,Inf
LA,New Orleans,70723,1408,0,NA,Inf
LA,New Orleans,70743,121,0,NA,Inf
LA,New Orleans,70763,4391,0,NA,Inf
LA,New Orleans,70792,NA,0,NA,Inf
